name_or_brand,type,website,social_profiles,platform,audience_focus,estimated_relevance_1_to_10,estimated_risk_1_to_10,public_contact_email,contact_form_url,media_kit_url,affiliate_page_url,sponsor_page_url,example_content_url,peptide_companies_mentioned,notes,recommended_outreach_angle,source_links
Outliyr,Review/affiliate blog,outliyr.com,not found,Web/blog,Biohacking/nootropics/peptides buyers,9,6,not found,via site contact,not found,not found,not found,https://outliyr.com/best-online-peptide-companies-websites-sources,"Core,SwissChems,ChemYo,PureRawz, many","Ranks ''13 legit peptide companies''; strong organic authority; affiliate-driven","Offer COA-transparency angle for an editorially clean listing; supply documentation",outliyr.com
PeptidePick,Review/affiliate site,peptidepick.com,not found,Web/blog,Peptide buyers,8,6,not found,via site contact,not found,not found,not found,https://peptidepick.com/best-peptide-companies/,"Core,SwissChems, others","Vendor reviews + ''best of'' lists; review-funnel","Pitch documentation-first brand for review; emphasize testing rigor",peptidepick.com
Muscle and Brawn,Review/affiliate media,muscleandbrawn.com,not found,Web/blog,SARM/peptide/bodybuilding-adjacent,7,8,not found,via site contact,not found,not found,not found,https://muscleandbrawn.com/peptides/best-peptide-vendors/,"Core,Amino Asylum,Peptide Sciences, many","High traffic but bodybuilding framing = human-use claim risk","CAUTION: only engage if they will use research-context framing",muscleandbrawn.com
SARMGuide,Review/affiliate site,sarmguide.com,not found,Web/blog,SARM/peptide buyers,6,8,not found,via site contact,not found,not found,not found,https://sarmguide.com/best-peptide-sciences-alternatives/,"Peptide Sciences,SwissChems,Amino Asylum","SARM-heavy; human-use framing common","CAUTION: high claim risk; vet content angle first",sarmguide.com
Finnrick Analytics,Independent vendor ratings,finnrick.com,not found,Web/data,Researchers/quality-focused buyers,9,3,not found,via site contact,not found,not found,not found,https://www.finnrick.com/vendors,"224 suppliers rated","Claims independent lab-test-based ratings; LOW claim risk; credibility play","Submit our COAs for independent rating; aligns with documentation-first brand",finnrick.com
Best Peptide Brands,Review/COA-verification site,bestpeptidebrands.com,not found,Web/blog,Quality/COA-focused buyers,8,4,not found,via site contact,not found,not found,not found,https://bestpeptidebrands.com/,"multiple","COA-verification editorial angle; aligns with our positioning","Provide verified COAs for inclusion; clean editorial fit",bestpeptidebrands.com
Apollo Peptide Sciences (affiliate program),Vendor affiliate program,apollopeptides.com,not found,Refersion,Research audience,5,7,not found,https://apollopeptides.refersion.com/affiliate/registration,not found,https://apollopeptides.refersion.com/affiliate/registration,not found,not found,self,"Competitor's program (20% base, AOV >$150) — structure reference only","Model reference for our own program terms (do NOT join competitor)",apollopeptides.refersion.com
Onyx Biolabs (affiliate program),Vendor affiliate program,onyxbiolabs.com,not found,Web,Researchers/creators,5,7,not found,https://onyxbiolabs.com/affiliates/,not found,https://onyxbiolabs.com/affiliates/,not found,not found,self,"10% commission program — structure reference","Program-design benchmark",onyxbiolabs.com
Spartan Peptides (affiliate program),Vendor affiliate program,spartanpeptides.com,not found,Web,Researchers/creators,5,7,not found,https://spartanpeptides.com/spartan-affiliate/,not found,https://spartanpeptides.com/spartan-affiliate/,not found,not found,self,"15% off code / 10% commission — structure reference","Program-design benchmark",spartanpeptides.com
Amino Club (partner program),Vendor partner program,aminoclub.com,not found,Web,Distribution/researchers,5,7,not found,https://www.aminoclub.com/us/affiliate,not found,https://www.aminoclub.com/us/affiliate,not found,not found,self,"20% first / 10% recurring — structure reference","Program-design benchmark",aminoclub.com
Dynamic Peptides (partner program),Vendor partner program,dynamicpeptide.com,not found,Web,Researchers/creators,5,7,not found,https://dynamicpeptide.com/partner-program/,not found,https://dynamicpeptide.com/partner-program/,not found,not found,self,"Referral link + coupon model","Program-design benchmark",dynamicpeptide.com
Midwest Peptide (affiliate),Vendor affiliate program,midwestpeptide.com,not found,Web,Researchers/creators,5,7,not found,https://midwestpeptide.com/affiliates,not found,https://midwestpeptide.com/affiliates,not found,not found,self,"10% no-cap, 30-day cookie","Program-design benchmark",midwestpeptide.com
Purity Peptides (affiliate),Vendor affiliate program,puritypeptides.is,not found,Web,Researchers/creators,4,8,not found,https://puritypeptides.is/affiliates,not found,https://puritypeptides.is/affiliates,not found,not found,self,"15% default up to 20-25%; .is domain (offshore signal)","Structure reference only; offshore = caution",puritypeptides.is
r/Peptides (community),Forum/community,reddit.com/r/Peptides,reddit.com/r/Peptides,Reddit,Peptide researchers/users,8,7,not applicable,via Reddit,not applicable,not applicable,not applicable,reddit.com/r/Peptides,"many vendors discussed","High influence, high human-use-claim risk; cannot advertise directly","Participate via transparency/AMA only under subreddit rules; no claims",reddit.com
SimplyCodes (coupon aggregator),Coupon aggregator,simplycodes.com,not found,Web,Deal-seekers,4,5,not found,via site,not found,not found,not found,https://simplycodes.com/category/peptides,"multiple","Aggregates peptide coupons; passive distribution","List approved codes once program exists",simplycodes.com
Lantern Sol,Peptide SEO/marketing agency,lanternsol.com,not found,Web,Peptide brands (B2B),7,4,not found,via site,not found,not applicable,not applicable,https://www.lanternsol.com/blogs/seo-for-peptides,"agency (serves vendors)","Vendor-side SEO agency; potential service partner not affiliate","Evaluate as compliant-SEO service vendor",lanternsol.com
Peptide SEO,Peptide SEO agency,peptideseo.com,not found,Web,Peptide/SARM retailers (B2B),6,4,not found,via site,not found,not applicable,not applicable,https://peptideseo.com/,"agency","Service-provider, not affiliate","Evaluate as SEO service vendor",peptideseo.com
